id;content_object_id;tag_id
67;60;25
68;60;26
69;60;27
70;60;28
71;60;29
72;60;30
232;82;57
233;82;26
234;82;55
235;77;57
236;77;26
237;77;55
79;62;37
80;62;21
81;62;20
82;62;19
83;62;38
84;62;39
85;62;40
86;62;41
87;62;42
238;84;57
239;84;26
240;84;55
241;75;57
242;75;26
243;75;55
244;79;57
245;79;26
246;79;55
247;81;57
248;81;26
99;73;52
249;81;55
250;76;57
251;76;26
252;76;55
253;83;26
254;83;55
255;86;88
256;86;89
257;86;90
258;87;88
259;87;89
260;87;90
261;88;88
262;88;89
263;88;90
264;89;88
265;89;89
266;89;90
59;57;18
60;57;19
61;57;20
62;57;21
267;90;88
268;90;89
269;90;90
270;91;88
271;91;89
272;91;90
273;92;91
275;92;90
276;93;93
277;93;94
278;93;95
279;93;96
280;93;97
281;93;98
282;94;93
283;94;94
284;94;95
285;94;96
286;94;97
287;94;98
288;95;29
289;95;99
290;95;100
291;96;29
292;96;99
293;96;100
145;75;59
148;75;62
149;76;64
150;76;65
151;76;66
152;76;67
156;80;69
157;80;71
158;80;72
159;80;73
297;98;29
298;98;99
299;98;100
163;77;65
164;77;69
165;77;74
169;78;65
170;78;66
171;78;69
172;78;75
300;99;29
301;99;99
302;99;100
176;79;64
177;79;71
178;79;76
179;79;77
183;81;69
184;81;78
185;81;79
186;81;80
190;82;69
191;82;71
192;82;81
193;82;82
197;83;64
198;83;29
303;100;29
202;85;69
203;85;78
204;85;84
304;100;99
305;100;100
306;101;29
208;84;69
209;84;78
210;84;79
212;84;87
216;73;50
217;61;32
218;61;33
219;61;34
220;61;35
221;61;31
222;85;57
223;85;26
224;85;55
225;83;57
226;80;57
227;80;26
228;80;55
229;78;57
230;78;26
231;78;55
307;101;99
308;101;100
309;102;29
310;102;99
311;102;100
312;103;29
313;103;99
314;103;100
318;105;101
319;105;102
320;105;103
321;105;104
322;105;105
323;106;101
324;106;102
325;106;103
326;106;104
327;106;105
328;107;101
329;107;102
330;107;103
331;107;104
332;107;105
333;108;101
334;108;102
335;108;103
336;108;104
337;108;105
338;109;101
339;109;102
340;109;103
341;109;104
342;109;105
343;110;101
344;110;102
345;110;103
346;110;104
347;110;105
348;111;101
349;111;102
350;111;103
351;111;104
352;111;105
353;112;101
354;112;102
355;112;103
356;112;104
357;112;105
358;113;101
359;113;102
360;113;103
361;113;104
362;113;105
363;114;101
364;114;102
365;114;103
366;114;104
367;114;105
368;115;101
369;115;102
370;115;103
371;115;104
372;115;105
378;117;107
380;117;105
381;117;110
382;117;104
383;117;102
384;118;29
385;118;22
386;118;67
387;118;111
388;118;112
389;118;113
390;118;115
391;119;116
392;119;117
393;119;118
394;119;104
395;120;116
396;120;117
397;120;118
398;120;104
399;121;116
400;121;117
401;121;118
402;121;104
403;122;116
404;122;117
405;122;118
406;122;104
407;123;116
408;123;117
409;123;118
410;123;104
411;120;29
412;120;119
413;119;120
414;119;121
415;119;29
416;123;122
417;123;124
418;123;29
419;123;30
420;121;121
421;121;29
422;121;30
423;124;125
424;124;126
425;124;127
426;124;128
427;124;13
428;125;129
429;125;130
430;125;131
431;125;132
432;125;133
433;126;129
434;126;130
435;126;131
436;126;132
437;126;133
1190;258;141
1191;258;143
1192;258;145
1193;258;147
1194;258;149
1195;258;98
1196;258;151
1204;260;141
1205;260;143
1206;260;145
1207;260;147
1208;260;149
1209;260;98
1210;260;151
1211;261;141
1212;261;143
1213;261;145
1214;261;147
1215;261;149
1216;261;98
1217;261;151
1218;262;141
1219;262;143
1220;262;145
1221;262;147
1222;262;149
1223;262;98
1224;262;151
1225;263;141
1226;263;143
1227;263;145
1228;263;147
1229;263;149
1230;263;98
1231;263;151
1239;265;141
1240;265;143
1241;265;145
1242;265;147
1243;265;149
1244;265;98
1245;265;151
1246;266;141
1247;266;143
1248;266;145
1249;266;147
1250;266;149
1251;266;98
1252;266;151
1253;267;141
1254;267;143
1255;267;145
1256;267;147
1257;267;149
1258;267;98
1259;267;151
1260;268;141
1261;268;143
1262;268;145
1263;268;147
1264;268;149
1265;268;98
1266;268;151
1267;269;141
1268;269;143
1269;269;145
1270;269;147
1271;269;149
1272;269;98
1273;269;151
1274;270;141
1275;270;143
1276;270;145
1277;270;147
1278;270;149
1279;270;98
1280;270;151
1281;271;141
1282;271;143
1283;271;145
1284;271;147
1285;271;149
1286;271;98
1287;271;151
1288;272;141
1289;272;143
1290;272;145
1291;272;147
1292;272;149
1293;272;98
1294;272;151
1295;273;141
1296;273;143
1297;273;145
1298;273;147
1299;273;149
1301;273;151
1302;274;141
1303;274;143
1304;274;145
1305;274;147
1306;274;149
1308;274;151
1309;275;141
1310;275;143
1311;275;145
1312;275;147
1313;275;149
1314;275;98
1315;275;151
1316;276;141
1317;276;143
1318;276;145
1319;276;147
1320;276;149
1321;276;98
1322;276;151
1323;277;141
1324;277;143
1325;277;145
1326;277;147
1327;277;149
1328;277;98
1329;277;151
1330;278;141
1331;278;143
1332;278;145
1333;278;147
1334;278;149
1335;278;98
1336;278;151
1337;279;141
1338;279;143
1339;279;145
1340;279;147
1341;279;149
1342;279;98
1343;279;151
1425;293;77
1426;293;158
1427;293;159
1428;293;160
1429;294;77
1430;294;158
1431;294;159
1432;294;160
1433;295;77
1434;295;158
1435;295;159
1436;295;160
1437;296;77
1438;296;158
1439;296;159
1440;296;160
1441;297;77
1442;297;158
1443;297;159
1444;297;160
1445;298;77
1446;298;158
1447;298;159
1448;298;160
1449;299;77
1450;299;158
1451;299;159
1452;299;160
1543;311;81
1544;311;162
1545;311;172
1552;312;147
1553;312;177
1554;312;98
1555;312;178
1556;312;39
1557;312;136
1558;312;94
1559;313;147
1560;313;177
1561;313;98
1562;313;178
1563;313;39
1564;313;136
1565;313;94
1566;314;147
1567;314;177
1568;314;98
1569;314;178
1570;314;39
1571;314;136
1572;314;94
1573;315;147
1574;315;177
1575;315;98
1576;315;178
1577;315;39
1578;315;136
1579;315;94
1580;316;147
1581;316;177
1582;316;98
1583;316;178
1584;316;39
1585;316;136
1586;316;94
1587;317;147
1588;317;177
1589;317;98
1590;317;178
1591;317;39
1592;317;136
1593;317;94
1594;318;147
1595;318;177
1596;318;98
1597;318;178
1598;318;39
1599;318;136
1600;318;94
1790;346;185
1791;346;186
1792;346;187
1793;346;94
1794;346;189
1795;347;185
1796;347;186
1797;347;187
1798;347;94
1799;347;189
1800;348;185
1801;348;186
1802;348;187
1803;348;94
1804;348;189
1805;349;185
1806;349;186
1807;349;187
1808;349;94
1809;349;189
1810;350;185
1811;350;186
1812;350;187
1813;350;94
1814;350;189
1828;353;200
1829;353;201
1351;281;141
1352;281;143
1353;281;145
1354;281;147
1355;281;149
1356;281;98
1357;281;151
1453;298;161
1454;298;162
1455;298;163
1601;319;147
1602;319;180
1603;319;98
1604;319;182
1605;319;184
1606;319;136
1607;319;94
1608;320;147
1609;320;180
1610;320;98
1611;320;182
1612;320;184
1613;320;136
1614;320;94
1615;321;147
1616;321;180
1617;321;98
1618;321;182
1619;321;184
1620;321;136
1621;321;94
1622;322;147
1623;322;180
1624;322;98
1625;322;182
1626;322;184
1627;322;136
1628;322;94
1629;323;147
1630;323;180
1631;323;98
1632;323;182
1633;323;184
1634;323;136
1635;323;94
1636;324;147
1637;324;180
1638;324;98
1639;324;182
1640;324;184
1641;324;136
1642;324;94
1643;325;147
1644;325;180
1645;325;98
1646;325;182
1647;325;184
1648;325;136
1649;325;94
1650;326;147
1651;326;180
1652;326;98
1653;326;182
1654;326;184
1655;326;136
1656;326;94
1815;351;190
1816;351;191
1817;351;127
1818;351;192
1819;351;193
1820;351;194
1830;353;187
1831;353;202
1832;353;203
1841;355;206
1842;355;207
1843;355;189
1844;355;208
1845;355;127
1846;355;210
1847;355;20
1848;355;211
1849;355;212
1855;357;29
1856;357;116
1857;357;71
1858;357;30
1859;357;216
1865;359;222
1866;359;223
1867;359;224
1868;360;222
1869;360;223
1870;360;224
1888;365;134
1889;365;210
1890;365;136
1891;365;94
1892;365;39
1893;365;240
1900;367;245
1901;367;246
1902;367;248
1903;367;249
1904;367;250
1905;367;55
1909;369;254
1910;369;255
1911;370;254
1912;370;255
1913;371;254
1914;371;255
1932;374;264
1933;374;265
1934;374;266
1935;374;267
1937;375;264
1938;375;265
1939;375;266
1940;375;267
1945;377;273
1946;377;274
1947;377;275
1948;377;276
1949;377;20
1950;377;277
1951;377;278
1952;378;273
1953;378;274
1954;378;275
1955;378;276
1956;378;20
1957;378;277
1958;378;278
1959;379;273
1960;379;274
1961;379;275
1962;379;276
1963;379;20
1964;379;277
1965;379;278
1966;380;273
1967;380;274
1968;380;275
1969;380;276
1970;380;20
1971;380;277
1972;380;278
1973;381;273
1974;381;274
1975;381;275
1976;381;276
1977;381;20
1978;381;277
1979;381;278
1980;382;273
1981;382;274
1982;382;275
1983;382;276
1984;382;20
1985;382;277
1986;382;278
2000;384;284
2001;384;285
2002;384;286
2003;385;279
2004;385;280
2005;385;281
2006;385;282
2007;385;283
2008;385;284
2009;385;285
1358;282;98
1359;282;141
1360;282;143
1361;282;145
1362;282;147
1363;282;149
1364;282;151
1456;300;78
1457;300;164
1458;300;80
1459;300;165
1460;300;167
1461;300;168
1462;300;169
1463;301;78
1464;301;164
1465;301;80
1466;301;165
1467;301;167
1468;301;168
1469;301;169
1470;302;78
1471;302;164
1472;302;80
1473;302;165
1474;302;167
1475;302;168
1476;302;169
1477;303;78
1478;303;164
1479;303;80
1480;303;165
1481;303;167
1482;303;168
1483;303;169
1484;304;78
1485;304;164
1486;304;80
1487;304;165
1488;304;167
1489;304;168
1490;304;169
1491;305;78
1492;305;164
1493;305;80
1494;305;165
1495;305;167
1496;305;168
1497;305;169
1498;306;78
1499;306;164
1500;306;80
1501;306;165
1502;306;167
1503;306;168
1504;306;169
1505;307;78
1506;307;164
1507;307;80
1508;307;165
1509;307;167
1510;307;168
1511;307;169
1512;308;78
1513;308;164
1514;308;80
1515;308;165
1516;308;167
1517;308;168
1518;308;169
1519;309;78
1520;309;164
1521;309;80
1522;309;165
1523;309;167
1524;309;168
1525;309;169
1526;310;78
1527;310;164
1528;310;80
1529;310;165
1530;310;167
1531;310;168
1533;311;78
1534;311;164
1535;311;80
1536;311;165
1537;311;167
1538;311;168
1548;273;176
1549;273;173
1657;327;147
1658;327;180
1659;327;98
1660;327;182
1661;327;145
1662;327;39
1663;327;94
1664;328;147
1665;328;180
1666;328;98
1667;328;182
1668;328;145
1669;328;39
1670;328;94
1671;329;147
1672;329;180
1673;329;98
1674;329;182
1675;329;145
1676;329;39
1677;329;94
1678;330;147
1679;330;180
1680;330;98
1681;330;182
1682;330;145
1683;330;39
1684;330;94
1685;331;147
1686;331;180
1687;331;98
1688;331;182
1689;331;145
1690;331;39
1691;331;94
1692;332;147
1693;332;180
1694;332;98
1695;332;182
1696;332;145
1697;332;39
1698;332;94
1699;333;147
1700;333;180
1701;333;98
1702;333;182
1703;333;145
1704;333;39
1705;333;94
1706;334;147
1707;334;180
1708;334;98
1709;334;182
1710;334;145
1711;334;39
1712;334;94
1713;335;147
1714;335;180
1715;335;98
1716;335;182
1717;335;145
1718;335;39
1719;335;94
1720;336;147
1721;336;180
1722;336;98
1723;336;182
1724;336;145
1725;336;39
1726;336;94
1727;337;147
1728;337;180
1729;337;98
1730;337;182
1731;337;145
1732;337;39
1733;337;94
1734;338;147
1735;338;180
1736;338;98
1737;338;182
1738;338;145
1739;338;39
1740;338;94
1741;339;147
1742;339;180
1743;339;98
1744;339;182
1745;339;145
1746;339;39
1747;339;94
1748;340;147
1749;340;180
1365;283;152
1366;283;153
1367;283;154
1368;283;155
1369;283;156
1370;283;157
1371;284;152
1372;284;153
1373;284;154
1374;284;155
1375;284;156
1376;284;157
1377;285;152
1378;285;153
1379;285;154
1380;285;155
1381;285;156
1382;285;157
1383;286;152
1384;286;153
1385;286;154
1386;286;155
1387;286;156
1388;286;157
1389;287;152
1390;287;153
1391;287;154
1392;287;155
1393;287;156
1394;287;157
1395;288;152
1396;288;153
1397;288;154
1398;288;155
1399;288;156
1400;288;157
1401;289;152
1402;289;153
1403;289;154
1404;289;155
1405;289;156
1406;289;157
1407;290;152
1408;290;153
1409;290;154
1410;290;155
1411;290;156
1412;290;157
1413;291;152
1414;291;153
1415;291;154
1416;291;155
1417;291;156
1418;291;157
1419;292;152
1420;292;153
1421;292;154
1422;292;155
1423;292;156
1424;292;157
1540;310;170
1541;310;162
1542;310;171
1550;274;176
1551;274;173
1750;340;98
1751;340;182
1752;340;145
1753;340;39
1754;340;94
1755;341;147
1756;341;180
1757;341;98
1758;341;182
1759;341;145
1760;341;39
1761;341;94
1762;342;147
1763;342;180
1764;342;98
1765;342;182
1766;342;145
1767;342;39
1768;342;94
1769;343;147
1770;343;180
1771;343;98
1772;343;182
1773;343;145
1774;343;39
1775;343;94
1776;344;147
1777;344;180
1778;344;98
1779;344;182
1780;344;145
1781;344;39
1782;344;94
1783;345;147
1784;345;180
1785;345;98
1786;345;182
1787;345;145
1788;345;39
1789;345;94
1821;352;195
1822;352;196
1823;352;197
1824;352;198
1825;352;199
1826;352;20
1827;352;25
1833;354;138
1834;354;38
1835;354;204
1836;354;191
1837;354;127
1838;354;196
1839;354;205
1840;354;20
1850;356;213
1851;356;162
1852;356;214
1853;356;215
1854;356;113
1860;358;218
1861;358;219
1862;358;220
1863;358;221
1864;358;113
1871;361;225
1872;361;226
1873;361;227
1874;362;225
1875;362;226
1876;362;227
1882;364;235
1883;364;170
1884;364;236
1885;364;78
1886;364;238
1887;364;239
1894;366;241
1895;366;242
1896;366;243
1897;366;110
1898;366;25
1899;366;244
1906;368;251
1907;368;252
1908;368;253
1915;372;256
1916;372;257
1917;372;258
1918;372;259
1919;372;260
1920;372;261
1921;372;262
1922;372;39
1923;373;256
1924;373;257
1925;373;258
1926;373;259
1927;373;260
1928;373;261
1929;373;262
1930;373;39
1943;376;271
1944;376;272
1987;383;279
1988;383;280
1989;383;281
1990;383;282
1991;383;283
1992;383;284
1993;383;285
1994;383;286
1995;384;279
1996;384;280
1997;384;281
1998;384;282
1999;384;283
2010;385;286
2011;386;279
2012;386;280
2013;386;281
2014;386;282
2015;386;283
2016;386;284
2017;386;285
2018;386;286
2019;387;281
2020;387;287
2021;387;288
2022;388;88
2023;388;289
2024;388;290
2025;388;291
2026;388;292
2027;388;281
2028;388;293
2029;389;88
2030;389;289
2031;389;290
2032;389;291
2033;389;292
2034;389;281
2035;389;293
2036;390;294
2037;390;296
2038;390;297
2039;390;298
2040;390;299
2041;390;300
2042;391;149
2043;391;301
2044;392;149
2045;392;301
2046;393;138
2047;393;112
2048;393;302
2049;393;303
2050;393;304
2051;394;305
2052;394;306
2053;394;307
2054;394;308
2055;395;309
2056;395;310
2057;395;311
2058;395;115
2059;396;309
2060;396;310
2061;396;311
2062;396;115
2063;397;309
2064;397;310
2065;397;311
2066;397;115
2067;398;309
2068;398;310
2069;398;311
2070;398;115
2071;399;309
2072;399;310
2073;399;311
2074;399;115
2075;400;309
2076;400;310
2077;400;311
2078;400;115
2079;401;309
2080;401;310
2081;401;311
2082;401;115
2083;402;309
2084;402;310
2085;402;311
2086;402;115
2087;403;309
2088;403;310
2089;403;311
2090;403;115
2091;404;309
2092;404;310
2093;404;311
2094;404;115
2095;405;309
2096;405;310
2097;405;311
2098;405;115
2099;406;309
2100;406;310
2101;406;311
2102;406;115
2103;407;137
2104;407;267
2105;407;309
2106;407;25
2107;407;254
2108;408;313
2109;408;25
2110;408;314
2111;408;315
2112;409;281
2113;409;280
2114;409;25
2115;409;316
2116;409;318
2117;409;319
2118;410;281
2119;410;280
2120;410;25
2121;410;316
2122;410;318
2123;410;319
2124;411;281
2125;411;280
2126;411;25
2127;411;316
2128;411;318
2129;411;319
2130;412;281
2131;412;280
2132;412;25
2133;412;316
2134;412;318
2135;412;319
2136;413;281
2137;413;280
2138;413;25
2139;413;316
2140;413;318
2141;413;319
2142;414;281
2143;414;280
2144;414;25
2145;414;316
2146;414;318
2147;414;319
2148;415;281
2149;415;280
2150;415;25
2151;415;316
2152;415;318
2153;415;319
2154;416;281
2155;416;280
2156;416;25
2157;416;316
2158;416;318
2159;416;319
2167;417;281
2168;420;196
2169;420;320
2170;420;321
2171;420;322
2173;421;315
2174;421;323
2176;422;323
2177;422;315
2179;423;323
2180;423;315
2183;424;327
2185;424;281
2186;421;265
2187;423;265
2188;422;265
2189;424;330
2190;425;67
2191;425;331
2192;425;332
2193;425;333
2194;425;334
2196;426;67
2197;426;331
2198;426;332
2199;426;333
2200;426;334
2201;426;335
2202;427;67
2203;427;331
2204;427;332
2205;427;333
2206;427;334
2208;388;336
2210;417;318
2211;428;339
2212;428;340
2213;429;341
2214;429;342
2215;429;343
2216;429;344
2217;430;344
2218;430;342
2219;430;345
2220;431;346
2221;431;347
2222;432;348
2223;432;349
2224;432;350
2225;432;351
2226;433;348
2227;433;349
2228;433;350
2229;433;351
2230;434;348
2231;434;349
2232;434;350
2233;434;351
2234;435;352
2235;436;353
2236;436;354
2237;437;353
2238;437;354
2239;438;353
2240;438;354
2241;439;353
2242;439;354
2243;440;353
2244;440;354
2245;440;307
2246;440;355
2247;435;356
2248;435;357
2249;435;358
2250;441;359
2251;441;360
2252;441;201
2253;442;359
2254;442;360
2255;442;201
2256;443;359
2257;443;360
2258;443;201
2259;444;359
2260;444;19
2261;444;361
2262;444;211
2263;444;362
2264;445;363
2265;445;55
2266;445;138
2268;446;352
2269;446;81
2270;446;356
2271;446;358
2272;435;81
2273;446;365
2274;445;361
2275;447;366
2276;447;256
2277;448;251
2278;448;367
2279;92;88
2280;61;368
2281;449;369
2282;449;370
2283;449;371
2284;450;369
2285;450;370
2286;450;371
2287;451;369
2288;451;370
2289;451;371
2290;452;369
2291;452;370
2292;452;371
2293;453;369
2294;453;370
2295;453;371
2296;449;372
2297;453;373
2299;452;373
2301;451;376
2302;451;375
2303;450;376
2304;450;375
2305;454;370
2306;454;369
2307;454;371
2308;455;370
2309;455;369
2310;455;371
2311;456;370
2312;456;369
2313;456;371
2314;457;370
2315;457;369
2316;457;371
2317;458;370
2318;458;369
2319;458;371
2320;459;370
2321;459;369
2322;459;371
2323;460;370
2324;460;369
2325;460;371
2326;461;370
2327;461;369
2328;461;371
2329;462;370
2330;462;369
2331;462;371
2332;463;370
2333;463;369
2334;463;371
2335;464;370
2336;464;369
2337;464;371
2338;465;370
2339;465;369
2340;465;371
2341;466;370
2342;466;369
2343;466;371
2344;467;370
2345;467;369
2346;467;371
2347;468;370
2348;468;369
2349;468;371
2350;469;370
2351;469;369
2352;469;371
2353;470;370
2354;470;369
2355;470;371
2356;471;370
2357;471;369
2358;471;371
2359;472;370
2360;472;369
2361;472;371
2362;473;370
2363;473;369
2364;473;371
2365;474;370
2366;474;369
2367;474;371
2368;475;370
2369;475;369
2370;475;371
2371;476;370
2372;476;369
2373;476;371
2374;477;370
2375;477;369
2376;477;371
2377;478;370
2378;478;369
2379;478;371
2380;479;370
2381;479;369
2382;479;371
2383;480;370
2384;480;369
2385;480;371
2386;481;370
2387;481;369
2388;481;371
2389;482;370
2390;482;369
2391;482;371
2392;483;370
2393;483;369
2394;483;371
2395;484;370
2396;484;369
2397;484;371
2398;485;370
2399;485;369
2400;485;371
2401;486;370
2402;486;369
2403;486;371
2404;487;370
2405;487;369
2406;487;371
2407;488;370
2408;488;369
2409;488;371
2410;489;370
2411;489;369
2412;489;371
2413;490;370
2414;490;369
2415;490;371
2416;491;370
2417;491;369
2418;491;371
2419;492;370
2420;492;369
2421;492;371
2422;493;370
2423;493;369
2424;493;371
2425;494;370
2426;494;369
2427;494;371
2428;495;370
2429;495;369
2430;495;371
2431;496;370
2432;496;369
2433;496;371
2434;497;370
2435;497;369
2436;497;371
2437;498;370
2438;498;369
2439;498;371
2440;499;370
2441;499;369
2442;499;371
2443;500;370
2444;500;369
2445;500;371
2446;501;370
2447;501;369
2448;501;371
2449;502;370
2450;502;369
2451;502;371
2452;503;370
2453;503;369
2454;503;371
2455;504;370
2456;504;369
2457;504;371
2458;505;370
2459;505;369
2460;505;371
2461;506;370
2462;506;369
2463;506;371
2464;507;370
2465;507;369
2466;507;371
2467;508;370
2468;508;369
2469;508;371
2470;509;370
2471;509;369
2472;509;371
2473;509;377
2474;508;377
2475;507;377
2476;506;377
2477;505;377
2478;504;375
2479;503;375
2480;502;375
2481;501;378
2482;500;378
2483;496;379
2484;495;376
2485;499;380
2486;498;380
2487;497;384
2488;497;381
2489;497;382
2490;494;384
2491;494;381
2492;494;382
2493;493;385
2494;493;373
2495;492;386
2496;492;381
2497;492;382
2498;489;386
2499;489;381
2500;489;382
2501;488;386
2502;488;381
2503;488;382
2504;487;386
2505;487;381
2506;487;382
2507;485;386
2508;485;381
2509;485;382
2510;484;386
2511;484;381
2512;484;382
2513;486;386
2514;486;381
2515;486;382
2516;491;384
2517;491;387
2518;491;372
2519;490;384
2520;490;372
2521;490;381
2522;490;382
2523;480;372
2524;483;388
2525;482;388
2526;481;388
2527;479;372
2528;478;372
2529;477;372
2530;476;372
2531;475;389
2532;475;390
2533;474;389
2534;474;390
2535;473;389
2536;473;390
2537;472;389
2538;472;390
2539;471;391
2540;470;391
2541;469;391
2542;468;391
2543;467;376
2545;466;376
2546;465;372
2547;463;379
2548;463;372
2549;464;375
2550;462;376
2551;462;393
2552;462;375
2553;460;393
2554;461;376
2555;461;393
2556;461;394
2557;461;375
2558;460;394
2559;457;372
2560;457;375
2561;456;376
2562;452;385
2563;454;385
2564;454;373
2565;459;395
2566;458;395
2567;453;385
2571;510;399
2575;511;399
2576;510;400
2577;510;401
2578;510;403
2579;510;404
2581;510;26
2582;511;400
2583;511;401
2584;511;404
2585;511;406
2586;511;26
2587;510;406
2588;512;25
2589;512;407
2590;512;408
2591;512;409
2592;512;410
2593;513;411
2594;513;412
2595;514;411
2596;514;412
2597;515;411
2598;515;412
2599;516;411
2600;516;412
2601;517;411
2602;517;412
2603;518;411
2604;518;412
2605;519;411
2606;519;412
2607;520;411
2608;520;412
2609;520;403
2610;520;413
2611;520;414
2612;519;416
2613;519;410
2614;519;415
2615;517;416
2616;517;410
2617;517;415
2618;518;417
2619;518;403
2620;516;26
2621;516;403
2622;516;414
2623;515;418
2624;514;210
2625;513;416
2626;513;410
2627;513;415
2628;521;368
2629;521;419
2630;522;368
2631;522;419
2632;523;368
2633;523;419
2634;524;368
2635;524;419
2636;525;368
2637;525;419
2638;526;368
2639;526;419
2640;527;368
2641;527;419
2642;528;368
2643;528;419
2644;529;368
2645;529;419
2646;530;368
2647;530;419
2648;531;368
2649;531;419
2650;532;368
2651;532;419
2652;533;368
2653;533;419
2654;534;368
2655;534;419
2656;535;368
2657;535;419
2658;536;368
2659;536;419
2660;537;368
2661;537;419
2662;538;368
2663;538;419
2664;539;368
2665;539;419
2666;540;368
2667;540;419
2668;541;368
2669;541;419
2670;542;368
2671;542;419
2672;543;368
2673;543;419
2674;544;368
2675;544;419
2676;61;420
2677;544;420
2678;544;421
2679;544;422
2680;544;423
2681;543;420
2682;543;424
2683;543;425
2684;543;426
2685;543;427
2686;543;428
2687;542;420
2688;542;424
2689;542;426
2690;542;429
2691;542;430
2692;542;425
2693;541;432
2694;541;431
2695;540;432
2696;540;407
2697;540;420
2698;540;431
2699;541;420
2700;539;433
2701;539;434
2702;539;420
2703;539;431
2704;538;433
2705;538;435
2706;538;420
2707;537;420
2708;537;432
2709;537;433
2710;537;434
2711;537;436
2712;539;436
2714;536;420
2715;536;437
2716;532;433
2717;532;435
2718;532;420
2719;532;431
2720;536;431
2721;535;420
2722;535;422
2723;535;423
2724;535;427
2725;535;428
2726;535;429
2727;535;430
2728;535;438
2729;535;439
2730;535;440
2731;535;441
2732;535;442
2733;534;432
2734;534;433
2735;534;434
2736;534;436
2737;534;443
2739;533;433
2740;533;435
2741;533;420
2742;533;431
2743;531;420
2744;531;431
2745;530;441
2746;530;420
2747;530;445
2748;543;445
2749;542;445
2750;535;445
2751;529;420
2752;529;429
2753;529;430
2754;529;441
2755;529;445
2756;527;422
2757;527;423
2758;527;427
2759;527;428
2760;527;438
2761;527;439
2762;527;440
2763;527;441
2764;527;442
2765;527;445
2766;526;432
2767;526;421
2768;526;446
2769;526;431
2770;525;422
2771;525;423
2772;525;427
2773;525;428
2774;525;429
2775;525;430
2776;525;432
2777;525;438
2778;525;439
2779;525;440
2780;525;442
2781;525;445
2782;525;447
2783;524;420
2784;524;422
2785;524;423
2786;524;427
2787;524;428
2788;524;429
2789;524;430
2790;524;432
2791;524;439
2792;524;442
2793;524;447
2794;528;432
2795;528;420
2796;528;431
2797;527;420
2798;526;443
2799;525;420
2800;523;448
2801;523;449
2802;523;420
2803;523;429
2804;523;430
2805;522;448
2806;522;420
2807;522;422
2808;522;423
2809;522;429
2810;522;430
2811;522;439
2812;522;442
2813;522;445
2814;523;445
2815;521;448
2817;521;422
2818;521;423
2819;521;427
2820;521;428
2821;521;429
2822;521;430
2823;521;439
2824;521;442
2825;521;445
2826;521;420
2851;553;451
2852;553;452
2853;553;453
2857;555;451
2858;555;452
2859;555;453
2860;556;451
2861;556;452
2862;556;453
2863;557;451
2864;557;452
2865;557;453
2866;558;451
2867;558;452
2868;558;453
2869;559;451
2870;559;452
2871;559;453
2881;565;451
2885;567;451
2886;567;452
2887;567;453
2888;568;451
2889;568;452
2890;568;453
2891;569;451
2892;569;452
2893;569;453
2894;570;451
2895;570;452
2896;570;453
2900;572;451
2901;572;452
2902;572;453
2903;573;451
2904;573;452
2905;573;453
2909;553;454
2910;555;454
2911;556;454
2912;557;454
2913;558;454
2914;559;454
2915;565;454
2916;567;454
2917;568;454
2918;569;454
2919;570;454
2920;572;454
2921;573;454
2922;452;455
2923;457;455
2924;453;455
2925;456;455
2926;451;455
2927;459;455
2928;460;455
2929;449;455
2930;450;455
2931;465;455
2932;467;455
2933;468;455
2934;470;455
2935;471;455
2936;473;455
2937;474;455
2938;476;455
2939;477;455
2940;479;455
2941;480;455
2942;482;455
2943;483;455
2944;485;455
2945;486;455
2946;488;455
2947;489;455
2948;491;455
2949;492;455
2950;494;455
2951;495;455
2952;497;455
2953;498;455
2954;500;455
2955;501;455
2956;503;455
2957;507;455
2958;506;455
2959;508;455
2960;509;455
2961;505;455
2962;502;455
2963;504;455
2964;499;455
2965;493;455
2966;490;455
2967;496;455
2968;487;455
2969;484;455
2970;481;455
2971;478;455
2972;475;455
2973;472;455
2974;469;455
2975;466;455
2976;463;455
2977;458;455
2978;462;455
2979;455;455
2980;461;455
2981;454;455
2982;464;455
2984;578;457
2985;578;458
2986;579;457
2987;580;457
2988;581;457
2989;582;457
2990;583;457
2991;584;457
2992;585;457
2993;586;457
2994;587;457
2995;588;457
2996;589;457
2997;590;457
2998;591;457
2999;592;457
3000;593;457
3001;594;457
3002;595;457
3003;596;457
3004;597;457
3005;598;457
3006;599;457
3007;600;457
3008;601;457
3009;602;457
3010;599;29
3011;594;29
3012;591;459
3013;597;459
3014;597;460
3015;603;457
3016;604;457
3017;605;457
3018;606;457
3019;607;457
3020;608;457
3021;609;457
3022;610;457
3023;611;457
3024;612;457
3025;613;457
3026;614;457
3027;614;461
3028;614;462
3029;615;463
3030;615;459
3031;615;464
3032;616;463
3033;616;459
3034;616;464
1;616;207
3035;22;78
3036;617;78
3037;617;465
3038;617;466
3039;617;467
3040;618;78
3041;618;465
3042;618;469
3043;618;466
3044;619;78
3045;619;465
3046;619;469
3047;619;466
3048;620;78
3049;620;465
3050;620;469
3051;620;466
3052;621;78
3053;621;465
3054;621;469
3055;621;466
3056;622;470
3057;622;471
3058;622;472
3059;622;473
3060;623;470
3061;623;471
3062;623;472
3063;623;473
3064;624;470
3065;624;471
3066;624;472
3067;624;473
3068;625;474
3069;625;475
3070;625;470
3071;626;476
3072;626;470
3073;626;477
3074;627;477
3075;627;158
3076;628;477
3077;628;158
3078;629;477
3079;629;158
3080;630;477
3081;630;158
3082;630;478
3083;628;259
3084;631;479
3085;631;480
3086;631;477
3087;631;470
3088;632;479
3089;632;480
3090;632;477
3091;632;470
3092;633;470
3093;633;481
3094;633;478
3095;633;482
3096;633;158
3097;634;470
3098;634;481
3100;634;482
3101;634;158
3102;635;470
3103;635;481
3104;635;478
3105;635;482
3106;635;158
3107;634;476
3108;636;480
3109;636;470
3110;636;158
3111;636;483
3112;636;484
3113;637;480
3114;637;470
3115;637;158
3116;637;483
3117;637;484
3118;638;480
3119;638;470
3120;638;158
3121;638;483
3122;638;484
3123;639;480
3124;639;470
3125;639;158
3126;639;483
3127;639;484
3128;640;470
3129;640;158
3130;640;485
3131;641;470
3132;641;158
3133;641;485
3134;642;470
3135;642;158
3136;642;485
3137;643;486
3138;643;487
3139;643;488
3140;643;470
3141;644;486
3142;644;487
3143;644;488
3144;644;470
3145;645;470
3146;645;158
3147;645;478
3148;645;489
3149;646;470
3150;646;158
3151;646;478
3152;646;489
3153;647;470
3154;647;158
3155;647;478
3156;647;489
3157;648;470
3158;648;158
3159;648;478
3160;648;489
3161;649;470
3162;649;158
3163;649;478
3164;649;489
3165;650;470
3166;650;158
3167;650;478
3168;650;489
3169;651;470
3170;651;158
3171;651;478
3172;651;489
3173;652;470
3174;652;158
3175;652;478
3176;652;489
3177;653;470
3178;653;158
3179;653;478
3180;653;489
3181;654;470
3182;654;158
3183;654;478
3184;654;489
3185;655;490
3186;655;491
3187;655;492
3188;655;470
3189;655;243
3190;656;493
3191;656;494
3192;656;404
3193;656;495
3194;656;50
3195;656;496
3196;657;493
3197;657;494
3198;657;404
3199;657;495
3200;657;50
3201;657;496
3202;658;493
3203;658;494
3204;658;404
3205;658;495
3206;658;50
3207;658;496
3208;659;493
3209;659;494
3210;659;404
3211;659;495
3212;659;50
3213;659;496
3214;660;493
3215;660;494
3216;660;404
3217;660;495
3218;660;50
3219;660;496
3220;661;493
3221;661;494
3222;661;404
3223;661;495
3224;661;50
3225;661;496
3226;662;493
3228;662;404
3229;662;495
3230;662;50
3231;662;496
3232;663;493
3233;663;494
3234;663;404
3235;663;495
3236;663;50
3237;663;496
3238;664;493
3239;664;494
3240;664;404
3241;664;495
3242;664;50
3243;664;496
3244;665;493
3246;665;404
3247;665;495
3248;665;50
3249;665;496
3250;666;497
3251;666;498
3252;666;499
3253;666;500
3254;666;137
3255;667;497
3256;667;498
3257;667;499
3258;667;500
3259;667;137
3265;669;497
3266;669;498
3267;669;499
3268;669;500
3269;669;137
3275;671;497
3276;671;498
3277;671;499
3278;671;500
3279;671;137
3280;672;497
3281;672;498
3282;672;499
3283;672;500
3284;672;137
3285;673;497
3286;673;498
3287;673;499
3288;673;500
3289;673;137
3290;662;502
3291;376;504
3292;376;22
3293;665;502
3294;257;39
3295;257;136
3296;257;137
3297;257;138
3298;257;135
3299;257;176
3300;257;506
3301;257;508
3302;259;39
3303;259;136
3304;259;137
3305;259;138
3306;259;135
3307;259;508
3308;259;510
3309;264;39
3310;264;136
3311;264;137
3312;264;138
3313;264;135
3314;264;508
3315;264;510
3316;363;512
3317;363;514
3318;363;516
3319;363;111
3320;363;28
3321;674;517
3322;674;518
3323;674;520
3324;675;517
3325;675;518
3326;675;520
3327;676;517
3328;676;518
3329;676;520
3330;677;517
3331;677;518
3332;677;520
3333;678;517
3334;678;518
3335;678;520
3336;679;517
3337;679;518
3338;679;520
3339;680;517
3340;680;518
3341;680;520
3342;681;517
3343;681;518
3344;681;520
3345;682;517
3346;682;518
3347;682;520
3348;683;517
3349;683;518
3350;683;520
3351;684;517
3352;684;518
3353;684;520
3354;685;517
3355;685;518
3356;685;520
3357;686;517
3358;686;518
3359;686;520
3360;687;517
3361;687;518
3362;687;520
3363;688;517
3364;688;518
3365;688;520
3366;689;517
3367;689;518
3368;689;520
3369;690;517
3370;690;518
3371;690;520
3372;691;517
3373;691;518
3374;691;520
3378;693;517
3379;693;518
3380;693;520
3381;694;517
3382;694;518
3383;694;520
3384;695;517
3385;695;518
3386;695;520
3387;696;517
3388;696;518
3389;696;520
3390;697;517
3391;697;518
3392;697;520
3393;698;517
3394;698;518
3395;698;520
3396;699;517
3397;699;518
3398;699;520
3399;700;517
3400;700;518
3401;700;520
3402;701;517
3403;701;518
3404;701;520
3405;702;517
3406;702;518
3407;702;520
3408;703;517
3409;703;518
3410;703;520
3411;704;517
3412;704;518
3413;704;520
3414;705;517
3415;705;518
3416;705;520
3417;706;517
3418;706;518
3419;706;520
3420;707;517
3421;707;518
3422;707;520
3423;708;517
3424;708;518
3425;708;520
3426;709;517
3427;709;518
3428;709;520
3432;711;517
3433;711;518
3434;711;520
3435;712;517
3436;712;518
3437;712;520
3438;713;517
3439;713;518
3440;713;520
3441;714;518
3442;714;517
3443;714;520
3444;714;521
3445;714;522
3446;715;518
3447;715;517
3448;715;520
3449;715;521
3450;715;522
3451;716;518
3452;716;517
3453;716;520
3454;716;521
3455;716;522
3456;717;518
3457;717;517
3458;717;520
3459;717;521
3460;717;522
3462;718;518
3463;718;520
3464;718;522
3465;718;524
3467;719;518
3468;719;520
3469;719;522
3470;719;524
3472;720;518
3473;720;520
3474;720;522
3475;720;524
3477;721;518
3478;721;520
3479;721;522
3480;721;524
3481;722;281
3482;722;518
3483;722;520
3484;722;522
3485;722;524
3486;723;281
3487;723;518
3488;723;520
3489;723;522
3490;723;524
3496;712;525
3497;712;510
3498;711;525
3499;711;510
3500;709;525
3501;709;510
3502;708;525
3504;707;526
3505;707;527
3506;708;528
3507;706;525
3508;706;526
3509;706;527
3510;705;525
3511;705;526
3512;705;527
3513;704;525
3514;704;526
3515;703;525
3516;703;526
3517;702;525
3518;702;526
3519;702;527
3520;701;525
3521;701;526
3522;701;527
3523;700;525
3524;700;526
3525;700;527
3526;699;525
3527;699;526
3528;699;527
3529;698;528
3530;698;525
3531;698;527
3532;697;525
3533;697;526
3534;697;527
3535;696;525
3536;696;526
3537;696;527
3538;695;525
3539;695;526
3540;695;527
3541;694;525
3542;694;526
3543;694;527
3544;693;525
3545;693;526
3546;693;527
3547;691;526
3548;690;526
3549;689;526
3550;676;526
3551;675;526
3552;674;526
3553;688;526
3554;687;526
3555;686;526
3556;685;526
3557;684;526
3558;683;526
3559;682;526
3560;681;526
3561;680;526
3562;679;526
3563;678;526
3564;677;526
3565;725;520
3566;725;529
3568;725;518
3569;725;517
3570;726;520
3571;726;529
3572;726;510
3573;726;518
3574;726;517
3575;727;520
3576;727;529
3577;727;510
3578;727;518
3579;727;517
3580;728;520
3581;728;529
3582;728;510
3583;728;518
3584;728;517
3585;729;520
3586;729;529
3587;729;510
3588;729;518
3589;729;517
3590;730;520
3591;730;529
3592;730;510
3593;730;518
3594;730;517
3595;731;520
3596;731;529
3597;731;510
3598;731;518
3599;731;517
3600;732;520
3601;732;529
3602;732;510
3603;732;518
3604;732;517
3605;727;531
3606;725;531
3607;721;376
3608;721;329
3609;721;533
3610;718;376
3611;718;329
3612;718;533
3613;718;535
3614;732;536
3615;720;376
3616;720;329
3617;720;533
3618;719;376
3619;719;329
3620;719;533
3621;708;379
3622;706;379
3623;733;132
3624;733;537
3625;733;538
3626;733;539
3627;734;520
3628;734;518
3629;734;517
3630;734;540
3631;735;281
3632;735;518
3633;735;520
3634;735;517
3635;735;533
3636;735;541
3637;735;376
3638;735;542
3639;736;517
3640;736;520
3641;736;542
3642;736;379
3643;736;531
3644;736;526
3645;736;527
3646;737;543
3647;737;544
3648;737;545
3649;737;546
3650;737;547
3651;738;543
3652;738;544
3653;738;545
3654;738;546
3655;738;547
3661;740;548
3662;740;549
3663;740;550
3664;741;548
3665;741;549
3666;741;550
3667;742;548
3668;742;549
3669;742;550
3670;743;548
3671;743;549
3672;743;550
3673;744;548
3674;744;549
3675;744;550
3676;745;548
3677;745;549
3678;745;550
3679;746;548
3680;746;549
3681;746;550
3682;747;548
3683;747;549
3684;747;550
3685;748;548
3686;748;549
3687;748;550
3688;749;548
3689;749;549
3690;749;550
3691;750;548
3692;750;549
3693;750;550
3694;751;548
3695;751;549
3696;751;550
3697;752;548
3698;752;549
3699;752;550
3700;753;548
3701;753;549
3702;753;550
3703;754;548
3704;754;549
3705;754;550
3706;755;548
3707;755;549
3708;755;550
3709;756;548
3710;756;549
3711;756;550
3712;757;548
3713;757;549
3714;757;550
3715;758;548
3716;758;549
3717;758;550
3718;759;548
3719;759;549
3720;759;550
3721;760;548
3722;760;549
3723;760;550
3724;761;548
3725;761;549
3726;761;550
3727;762;548
3728;762;549
3729;762;550
3730;763;548
3731;763;549
3732;763;550
3733;764;548
3734;764;551
3736;764;550
3737;765;548
3738;765;551
3740;765;550
3741;766;548
3742;766;551
3744;766;550
3745;767;548
3746;767;551
3748;767;550
3749;768;548
3750;768;551
3751;768;552
3752;768;550
3753;769;548
3754;769;551
3756;769;550
3757;770;548
3758;770;551
3759;770;552
3760;770;550
3761;771;548
3762;771;551
3763;771;552
3764;771;550
3765;772;548
3766;772;551
3768;772;550
3769;773;548
3770;773;551
3771;773;552
3772;773;550
3773;774;548
3774;774;551
3776;774;550
3777;775;548
3778;775;551
3780;775;550
3781;776;548
3782;776;551
3783;776;552
3784;776;550
3785;777;548
3786;777;551
3787;777;552
3788;777;550
3789;778;548
3790;778;551
3792;778;550
3793;779;548
3794;779;551
3796;779;550
3797;780;548
3798;780;551
3800;780;550
3801;781;548
3802;781;551
3804;781;550
3805;782;548
3806;782;551
3808;782;550
3809;783;548
3810;783;551
3812;783;550
3813;784;548
3814;784;551
3816;784;550
3817;785;548
3818;785;551
3820;785;550
3821;786;551
3822;786;550
3823;786;553
3824;786;548
3825;787;551
3826;787;550
3827;787;553
3828;787;548
3829;788;551
3830;788;550
3831;788;553
3832;788;548
3833;789;551
3834;789;550
3835;789;553
3836;789;548
3837;790;551
3838;790;550
3839;790;553
3840;790;548
3841;791;551
3842;791;550
3843;791;553
3844;791;548
3845;792;551
3846;792;550
3847;792;553
3848;792;548
3849;793;551
3850;793;550
3851;793;553
3852;793;548
3853;794;551
3854;794;550
3855;794;553
3856;794;548
3857;795;551
3858;795;550
3859;795;553
3860;795;548
3861;796;551
3862;796;550
3863;796;553
3864;796;548
3865;797;551
3866;797;550
3867;797;553
3868;797;548
3869;798;551
3870;798;550
3871;798;553
3872;798;548
3873;799;551
3874;799;550
3875;799;553
3876;799;548
3877;800;551
3878;800;550
3879;800;553
3880;800;548
3881;801;551
3882;801;550
3883;801;553
3884;801;548
3885;802;551
3886;802;550
3887;802;553
3888;802;548
3889;803;551
3890;803;550
3891;803;553
3892;803;548
3893;804;551
3894;804;550
3895;804;553
3896;804;548
3897;805;551
3898;805;550
3899;805;553
3900;805;548
3901;806;551
3902;806;550
3903;806;553
3904;806;548
3905;807;551
3906;807;550
3907;807;553
3908;807;548
3909;808;551
3910;808;550
3911;808;553
3912;808;548
3914;785;553
3915;785;210
3916;805;555
3917;806;556
3918;800;557
3919;799;557
3920;799;558
3921;798;210
3922;798;559
3923;797;210
3924;795;560
3925;795;561
3926;794;210
3927;793;562
3928;792;562
3929;791;562
3930;784;553
3931;784;17
3932;783;560
3933;783;553
3934;783;561
3935;781;560
3936;781;561
3937;780;39
3938;780;553
3939;780;560
3940;780;561
3941;780;248
3942;779;560
3943;779;553
3944;779;561
3945;782;560
3946;782;553
3947;782;248
3948;782;561
3949;781;248
3950;781;39
3951;778;560
3952;778;553
3953;778;469
3954;778;561
3955;777;553
3956;777;560
3957;777;561
3958;777;563
3959;777;469
3960;776;560
3961;776;553
3962;776;469
3963;776;561
3964;775;560
3965;775;553
3966;775;469
3967;775;561
3968;774;560
3969;774;553
3970;774;469
3971;774;561
3972;773;39
3973;773;553
3974;773;560
3975;773;561
3976;773;564
3977;773;469
3978;773;248
3979;772;560
3980;772;553
3981;772;469
3982;772;561
3983;771;553
3984;771;560
3985;771;561
3986;771;565
3987;771;469
3988;771;219
3989;770;219
3990;769;553
3991;769;560
3992;769;561
3993;769;469
3994;769;219
3995;767;560
3996;767;553
3997;767;469
3998;767;561
3999;766;553
4000;766;555
4001;766;566
4002;765;553
4003;765;566
4004;764;553
4005;764;566
4006;789;566
4007;790;567
4008;782;39
4009;761;568
4010;763;555
4011;762;555
4012;762;469
4013;762;566
4014;760;555
4015;760;566
4016;759;555
4017;759;566
4018;758;569
4019;758;570
4020;758;555
4021;757;570
4022;757;555
4023;755;555
4024;754;210
4025;754;571
4026;754;572
4027;753;572
4028;752;572
4029;751;210
4030;751;573
4031;750;210
4032;750;573
4033;749;210
4034;749;573
4035;741;210
4036;741;573
4037;742;575
4038;742;574
4039;742;39
4040;743;574
4041;744;574
4042;745;563
4043;745;573
4044;746;576
4045;746;573
4046;747;573
4047;747;558
4048;808;568
4049;809;549
4050;809;550
4051;809;577
4052;809;578
4053;809;579
4054;810;549
4055;810;550
4056;810;577
4057;810;578
4058;810;579
4059;811;549
4060;811;550
4061;811;577
4062;811;578
4063;811;579
4064;812;549
4065;812;550
4066;812;577
4067;812;578
4068;812;579
4069;813;549
4070;813;550
4071;813;577
4072;813;578
4073;813;579
4074;814;549
4075;814;550
4076;814;577
4077;814;578
4078;814;579
4079;815;549
4080;815;550
4081;815;577
4082;815;578
4083;815;579
4084;816;549
4085;816;550
4086;816;577
4087;816;578
4088;816;579
4089;817;549
4090;817;550
4091;817;577
4092;817;578
4093;817;579
4094;818;549
4095;818;550
4096;818;577
4097;818;578
4098;818;579
4099;819;580
4100;819;581
4101;819;582
4102;819;359
4103;819;583
4104;820;580
4105;820;581
4106;820;582
4107;820;359
4108;820;583
4109;821;580
4110;821;581
4111;821;582
4112;821;359
4113;821;583
4114;822;580
4115;822;581
4116;822;582
4117;822;359
4118;822;583
4119;823;580
4120;823;581
4121;823;582
4122;823;359
4123;823;583
4124;824;580
4125;824;581
4126;824;582
4127;824;359
4128;824;583
4129;825;580
4130;825;581
4131;825;582
4132;825;359
4133;825;583
4134;826;580
4135;826;581
4136;826;582
4137;826;359
4138;826;583
4139;827;580
4140;827;581
4141;827;582
4142;827;359
4143;827;583
4144;828;580
4145;828;581
4146;828;582
4147;828;359
4148;828;583
4149;829;580
4150;829;581
4151;829;582
4152;829;359
4153;829;583
4154;830;580
4155;830;581
4156;830;582
4157;830;359
4158;830;583
4159;831;580
4160;831;581
4161;831;582
4162;831;359
4163;831;583
4169;833;580
4170;833;585
4171;833;586
4172;833;587
4173;833;588
4174;834;580
4175;834;585
4176;834;586
4177;834;587
4178;834;588
4179;835;580
4180;835;585
4181;835;586
4182;835;587
4183;835;588
4184;836;580
4185;836;585
4186;836;586
4187;836;587
4188;836;588
4194;838;580
4195;838;585
4196;838;586
4197;838;587
4198;838;588
4199;839;580
4200;839;585
4201;839;586
4202;839;587
4203;839;588
4204;840;580
4205;840;585
4206;840;586
4207;840;587
4208;840;588
4209;841;580
4210;841;585
4211;841;586
4212;841;587
4213;841;588
4214;842;580
4215;842;585
4216;842;586
4217;842;587
4218;842;588
4219;843;580
4220;843;585
4221;843;586
4222;843;587
4223;843;588
4229;845;580
4230;845;585
4231;845;586
4232;845;587
4233;845;588
4234;846;580
4235;846;585
4236;846;586
4237;846;587
4238;846;588
4239;847;580
4240;847;585
4241;847;586
4242;847;587
4243;847;588
4244;848;580
4245;848;585
4246;848;586
4247;848;587
4248;848;588
4249;849;580
4250;849;585
4251;849;586
4252;849;587
4253;849;588
4254;850;580
4255;850;585
4256;850;586
4257;850;587
4258;850;588
4259;851;580
4260;851;587
4261;851;581
4262;851;590
4263;851;583
4264;852;580
4265;852;587
4266;852;581
4267;852;590
4268;852;583
4269;853;580
4270;853;587
4271;853;581
4272;853;590
4273;853;583
4274;854;580
4275;854;587
4276;854;581
4277;854;590
4278;854;583
4279;855;580
4280;855;587
4281;855;581
4282;855;590
4283;855;583
4284;856;580
4285;856;587
4286;856;581
4287;856;590
4288;856;583
4289;857;580
4290;857;587
4291;857;581
4292;857;590
4293;857;583
4294;858;580
4295;858;587
4296;858;581
4297;858;590
4298;858;583
4299;859;580
4300;859;587
4301;859;581
4302;859;590
4303;859;583
4304;860;580
4305;860;587
4306;860;581
4307;860;590
4308;860;583
4309;861;580
4310;861;587
4311;861;581
4312;861;590
4313;861;583
4314;862;580
4315;862;587
4316;862;581
4317;862;590
4318;862;583
4319;863;580
4321;863;581
4322;863;590
4323;863;583
4324;864;580
4325;864;587
4326;864;581
4327;864;590
4328;864;583
4329;865;580
4330;865;587
4331;865;581
4332;865;590
4333;865;583
4334;866;580
4335;866;587
4336;866;581
4337;866;590
4338;866;583
4339;867;580
4340;867;587
4341;867;581
4342;867;590
4343;867;583
4344;868;580
4345;868;587
4346;868;581
4347;868;590
4348;868;583
4349;869;580
4350;869;587
4351;869;581
4352;869;590
4353;869;583
4354;870;580
4355;870;587
4356;870;581
4357;870;590
4358;870;583
4359;871;580
4360;871;587
4361;871;581
4362;871;590
4363;871;583
4364;872;580
4365;872;587
4366;872;581
4367;872;590
4368;872;583
4369;863;592
4370;863;132
4371;873;593
4372;873;536
4373;874;593
4374;874;536
4375;875;593
4376;875;536
4377;876;593
4378;876;536
4379;877;593
4380;877;536
4381;878;593
4382;878;536
4383;879;593
4384;879;536
4385;880;593
4386;880;536
4387;881;593
4388;881;536
4389;882;593
4390;882;536
4391;883;593
4392;883;536
4393;883;594
4394;883;595
4395;882;594
4396;882;595
4397;882;533
4398;881;594
4399;881;595
4400;881;533
4401;878;517
4402;878;594
4403;878;596
4405;878;533
4406;878;535
4407;878;598
4408;879;533
4409;879;599
4410;879;535
4411;880;517
4412;880;594
4413;880;595
4414;880;533
4415;880;535
4416;880;600
4417;881;517
4418;881;535
4419;882;600
4420;882;517
4421;882;535
4423;883;533
4424;883;517
4425;883;535
4427;879;602
4428;883;440
4429;882;440
4430;881;440
4431;879;440
4432;878;440
4461;891;604
4462;891;605
4463;891;98
4464;891;607
4489;898;604
4490;898;605
4491;898;98
4492;898;607
4505;902;604
4506;902;605
4507;902;98
4508;902;607
4509;903;604
4510;903;605
4511;903;98
4512;903;607
4541;911;604
4542;911;605
4543;911;98
4544;911;607
4561;915;609
4563;915;420
4564;915;536
4565;915;368
4566;915;440
4567;915;510
4568;914;609
4569;914;610
4570;914;420
4571;914;536
4572;914;368
4573;914;440
4574;914;510
4575;913;609
4576;913;420
4577;913;517
4578;913;440
4579;913;368
4580;913;594
4581;913;533
4582;913;535
4583;913;536
4584;913;510
4585;912;609
4586;912;420
4587;912;517
4588;912;440
4589;912;368
4590;912;594
4591;912;533
4592;912;535
4593;912;536
4594;912;510
4595;910;609
4596;910;611
4597;910;420
4598;910;368
4599;910;434
4600;910;510
4601;909;609
4602;909;611
4603;909;420
4604;909;368
4605;909;434
4606;909;510
4607;908;609
4608;908;611
4609;908;420
4610;908;368
4611;908;510
4612;907;609
4613;907;420
4614;907;368
4615;907;441
4616;907;510
4617;906;609
4618;906;611
4619;906;420
4620;906;368
4621;906;441
4622;906;510
4623;905;609
4624;905;611
4625;905;420
4626;905;368
4627;905;441
4628;905;510
4629;904;609
4630;904;612
4631;904;420
4632;904;613
4633;904;614
4634;904;615
4635;904;616
4636;904;368
4637;904;510
4638;901;609
4639;901;612
4640;901;420
4641;901;613
4642;901;614
4643;901;615
4644;901;616
4645;901;368
4646;901;510
4647;900;609
4648;900;420
4649;900;617
4650;900;618
4651;900;368
4652;900;510
4653;899;609
4654;899;611
4655;899;420
4656;899;368
4657;899;510
4658;893;609
4659;893;420
4660;893;517
4661;893;440
4662;893;368
4663;893;594
4664;893;533
4665;893;535
4666;893;536
4667;893;510
4668;892;609
4669;892;420
4670;892;517
4671;892;619
4672;892;368
4673;892;594
4674;892;533
4675;892;535
4676;892;536
4677;892;510
4678;896;609
4679;896;420
4680;896;368
4681;896;533
4682;896;535
4683;896;510
4684;895;609
4685;895;420
4686;895;368
4687;895;533
4688;895;535
4689;895;510
4690;894;609
4691;894;420
4692;894;368
4693;894;533
4694;894;535
4695;894;510
4696;884;609
4697;884;611
4698;884;420
4699;884;368
4700;884;510
4701;887;609
4702;887;420
4703;887;440
4704;887;368
4705;887;434
4706;887;536
4707;887;510
4708;886;609
4709;886;420
4710;886;440
4711;886;368
4712;886;434
4713;886;536
4714;886;510
4715;885;609
4716;885;611
4717;885;420
4718;885;368
4719;885;432
4720;885;510
4721;890;609
4722;890;420
4723;890;517
4724;890;440
4725;890;368
4726;890;434
4727;890;594
4728;890;533
4729;890;535
4730;890;536
4731;890;510
4732;890;447
4733;889;609
4734;889;420
4735;889;517
4736;889;440
4737;889;368
4738;889;434
4739;889;594
4740;889;533
4741;889;535
4742;889;536
4743;889;510
4744;889;447
4745;886;447
4746;887;447
4747;915;611
4748;915;447
4749;888;609
4750;888;420
4751;888;620
4752;888;368
4753;888;434
4754;888;536
4755;888;510
4756;888;447
4759;917;622
4760;917;624
4761;917;626
4765;919;320
4766;919;627
4767;919;359
4768;918;320
4769;918;359
4770;918;627
4771;920;627
4772;920;359
4773;921;628
4774;922;629
4775;923;630
4776;924;631
4777;925;71
4778;926;116
4779;927;632
4780;927;633
4781;928;107
4782;929;107
4783;930;107
4784;931;71
4785;932;634
4786;932;635
4787;932;636
4788;932;138
4789;932;637
4790;933;634
4791;933;635
4792;933;636
4793;933;138
4794;933;637
4795;934;634
4796;934;635
4797;934;636
4798;934;138
4799;934;637
4800;935;634
4801;935;635
4802;935;636
4803;935;138
4804;935;637
4805;936;638
4806;936;639
4807;936;115
4808;936;162
4809;936;78
4810;936;29
4811;937;638
4812;937;639
4813;937;115
4814;937;162
4815;937;78
4816;937;29
4817;938;638
4818;938;639
4819;938;115
4820;938;162
4821;938;78
4822;938;29
4823;939;638
4824;939;639
4825;939;115
4826;939;162
4827;939;78
4828;939;29
4829;940;638
4830;940;639
4831;940;115
4832;940;162
4833;940;78
4834;940;29
4835;941;638
4836;941;639
4837;941;115
4838;941;162
4839;941;78
4840;941;29
4841;942;638
4842;942;639
4843;942;115
4844;942;162
4845;942;78
4846;942;29
4847;943;640
4848;943;160
4849;943;309
4850;943;115
4851;943;158
4852;943;458
4853;944;640
4854;944;160
4855;944;309
4856;944;115
4857;944;158
4858;944;458
4859;945;640
4860;945;160
4861;945;309
4862;945;115
4863;945;158
4864;945;458
4866;946;113
4867;946;342
4868;946;343
4869;946;641
4870;946;642
4871;946;643
4872;946;644
4874;947;113
4875;947;342
4876;947;343
4877;947;641
4878;947;642
4879;947;643
4880;947;644
4881;947;403
4882;947;645
4883;946;403
4884;946;645
4885;948;78
4886;948;647
4887;948;648
4888;948;649
4889;948;651
4890;948;653
4891;948;655
4892;948;656
4893;948;657
4894;948;658
4895;948;659
4896;948;660
4897;948;662
4898;948;663
4899;948;664
4900;948;665
4901;949;78
4902;949;647
4903;949;648
4904;949;649
4905;949;651
4906;949;653
4907;949;655
4908;949;656
4909;949;657
4910;949;658
4911;949;659
4912;949;660
4913;949;662
4914;949;663
4915;949;664
4916;949;665
4917;950;78
4918;950;647
4919;950;648
4920;950;649
4921;950;651
4922;950;653
4923;950;655
4924;950;656
4925;950;657
4926;950;658
4927;950;659
4928;950;660
4929;950;662
4930;950;663
4931;950;664
4932;950;665
4933;951;78
4934;951;647
4935;951;648
4936;951;649
4937;951;651
4938;951;653
4939;951;655
4940;951;656
4941;951;657
4942;951;658
4943;951;659
4944;951;660
4945;951;662
4946;951;663
4947;951;664
4948;951;665
4949;952;78
4950;952;647
4951;952;648
4952;952;649
4953;952;651
4954;952;653
4955;952;655
4956;952;656
4957;952;657
4958;952;658
4959;952;659
4960;952;660
4961;952;662
4962;952;663
4963;952;664
4964;952;665
4965;953;78
4966;953;647
4967;953;648
4968;953;649
4969;953;651
4970;953;653
4971;953;655
4972;953;656
4973;953;657
4974;953;658
4975;953;659
4976;953;660
4977;953;662
4978;953;663
4979;953;664
4980;953;665
4981;954;78
4982;954;647
4983;954;648
4984;954;649
4985;954;651
4986;954;653
4987;954;655
4988;954;656
4989;954;657
4990;954;658
4991;954;659
4992;954;660
4993;954;662
4994;954;663
4995;954;664
4996;954;665
4997;955;78
4998;955;647
4999;955;648
5000;955;649
5001;955;651
5002;955;653
5003;955;655
5004;955;656
5005;955;657
5006;955;658
5007;955;659
5008;955;660
5009;955;662
5010;955;663
5011;955;664
5012;955;665
5013;956;78
5014;956;647
5015;956;648
5016;956;649
5017;956;651
5018;956;653
5019;956;655
5020;956;656
5021;956;657
5022;956;658
5023;956;659
5024;956;660
5025;956;662
5026;956;663
5027;956;664
5028;956;665
5029;957;78
5030;957;647
5031;957;648
5032;957;649
5033;957;651
5034;957;653
5035;957;655
5036;957;656
5037;957;657
5038;957;658
5039;957;659
5040;957;660
5041;957;662
5042;957;663
5043;957;664
5044;957;665
5045;958;78
5046;958;647
5047;958;648
5048;958;649
5049;958;651
5050;958;653
5051;958;655
5052;958;656
5053;958;657
5054;958;658
5055;958;659
5056;958;660
5057;958;662
5058;958;663
5059;958;664
5060;958;665
5061;959;78
5062;959;647
5063;959;648
5064;959;649
5065;959;651
5066;959;653
5067;959;655
5068;959;656
5069;959;657
5070;959;658
5071;959;659
5072;959;660
5073;959;662
5074;959;663
5075;959;664
5076;959;665
5077;960;78
5078;960;647
5079;960;648
5080;960;649
5081;960;651
5082;960;653
5083;960;655
5084;960;656
5085;960;657
5086;960;658
5087;960;659
5088;960;660
5089;960;662
5090;960;663
5091;960;664
5092;960;665
5093;961;78
5094;961;647
5095;961;648
5096;961;649
5097;961;651
5098;961;653
5099;961;655
5100;961;656
5101;961;657
5102;961;658
5103;961;659
5104;961;660
5105;961;662
5106;961;663
5107;961;664
5108;961;665
5109;962;78
5110;962;647
5111;962;648
5112;962;649
5113;962;651
5114;962;653
5115;962;655
5116;962;656
5117;962;657
5118;962;658
5119;962;659
5120;962;660
5121;962;662
5122;962;663
5123;962;664
5124;962;665
5125;963;78
5126;963;647
5127;963;648
5128;963;649
5129;963;651
5130;963;653
5131;963;655
5132;963;656
5133;963;657
5134;963;658
5135;963;659
5136;963;660
5137;963;662
5138;963;663
5139;963;664
5140;963;665
5141;964;78
5142;964;647
5143;964;648
5144;964;649
5145;964;651
5146;964;653
5147;964;655
5148;964;656
5149;964;657
5150;964;658
5151;964;659
5152;964;660
5153;964;662
5154;964;663
5155;964;664
5156;964;665
5157;965;78
5158;965;647
5159;965;648
5160;965;649
5161;965;651
5162;965;653
5163;965;655
5164;965;656
5165;965;657
5166;965;658
5167;965;659
5168;965;660
5169;965;662
5170;965;663
5171;965;664
5172;965;665
5173;966;78
5174;966;647
5175;966;648
5176;966;649
5177;966;651
5178;966;653
5179;966;655
5180;966;656
5181;966;657
5182;966;658
5183;966;659
5184;966;660
5185;966;662
5186;966;663
5187;966;664
5188;966;665
5189;967;78
5190;967;647
5191;967;648
5192;967;649
5193;967;651
5194;967;653
5195;967;655
5196;967;656
5197;967;657
5198;967;658
5199;967;659
5200;967;660
5201;967;662
5202;967;663
5203;967;664
5204;967;665
5205;968;78
5206;968;647
5207;968;648
5208;968;649
5209;968;651
5210;968;653
5211;968;655
5212;968;656
5213;968;657
5214;968;658
5215;968;659
5216;968;660
5217;968;662
5218;968;663
5219;968;664
5220;968;665
5221;969;78
5222;969;647
5223;969;648
5224;969;649
5225;969;651
5226;969;653
5227;969;655
5228;969;656
5229;969;657
5230;969;658
5231;969;659
5232;969;660
5233;969;662
5234;969;663
5235;969;664
5236;969;665
5237;970;78
5238;970;647
5239;970;648
5240;970;649
5241;970;651
5242;970;653
5243;970;655
5244;970;656
5245;970;657
5246;970;658
5247;970;659
5248;970;660
5249;970;662
5250;970;663
5251;970;664
5252;970;665
5253;971;78
5254;971;647
5255;971;648
5256;971;649
5257;971;651
5258;971;653
5259;971;655
5260;971;656
5261;971;657
5262;971;658
5263;971;659
5264;971;660
5265;971;662
5266;971;663
5267;971;664
5268;971;665
5269;972;78
5270;972;647
5271;972;648
5272;972;649
5273;972;651
5274;972;653
5275;972;655
5276;972;656
5277;972;657
5278;972;658
5279;972;659
5280;972;660
5281;972;662
5282;972;663
5283;972;664
5284;972;665
5285;973;78
5286;973;647
5287;973;648
5288;973;649
5289;973;651
5290;973;653
5291;973;655
5292;973;656
5293;973;657
5294;973;658
5295;973;659
5296;973;660
5297;973;662
5298;973;663
5299;973;664
5300;973;665
5301;974;78
5302;974;647
5303;974;648
5304;974;649
5305;974;651
5306;974;653
5307;974;655
5308;974;656
5309;974;657
5310;974;658
5311;974;659
5312;974;660
5313;974;662
5314;974;663
5315;974;664
5316;974;665
5317;975;78
5318;975;647
5319;975;648
5320;975;649
5321;975;651
5322;975;653
5323;975;655
5324;975;656
5325;975;657
5326;975;658
5327;975;659
5328;975;660
5329;975;662
5330;975;663
5331;975;664
5332;975;665
5333;976;78
5334;976;647
5335;976;648
5336;976;649
5337;976;651
5338;976;653
5339;976;655
5340;976;656
5341;976;657
5342;976;658
5343;976;659
5344;976;660
5345;976;662
5346;976;663
5347;976;664
5348;976;665
5349;977;78
5350;977;647
5351;977;648
5352;977;649
5353;977;651
5354;977;653
5355;977;655
5356;977;656
5357;977;657
5358;977;658
5359;977;659
5360;977;660
5361;977;662
5362;977;663
5363;977;664
5364;977;665
5365;978;78
5366;978;647
5367;978;648
5368;978;649
5369;978;651
5370;978;653
5371;978;655
5372;978;656
5373;978;657
5374;978;658
5375;978;659
5376;978;660
5377;978;662
5378;978;663
5379;978;664
5380;978;665
5381;979;78
5382;979;647
5383;979;648
5384;979;649
5385;979;651
5386;979;653
5387;979;655
5388;979;656
5389;979;657
5390;979;658
5391;979;659
5392;979;660
5393;979;662
5394;979;663
5395;979;664
5396;979;665
5397;980;78
5398;980;647
5399;980;648
5400;980;649
5401;980;651
5402;980;653
5403;980;655
5404;980;656
5405;980;657
5406;980;658
5407;980;659
5408;980;660
5409;980;662
5410;980;663
5411;980;664
5412;980;665
5413;981;78
5414;981;647
5415;981;648
5416;981;649
5417;981;651
5418;981;653
5419;981;655
5420;981;656
5421;981;657
5422;981;658
5423;981;659
5424;981;660
5425;981;662
5426;981;663
5427;981;664
5428;981;665
5429;982;78
5430;982;647
5431;982;648
5432;982;649
5433;982;651
5434;982;653
5435;982;655
5436;982;656
5437;982;657
5438;982;658
5439;982;659
5440;982;660
5441;982;662
5442;982;663
5443;982;664
5444;982;665
5445;983;78
5446;983;647
5447;983;648
5448;983;649
5449;983;651
5450;983;653
5451;983;655
5452;983;656
5453;983;657
5454;983;658
5455;983;659
5456;983;660
5457;983;662
5458;983;663
5459;983;664
5460;983;665
5461;984;78
5462;984;647
5463;984;648
5464;984;649
5465;984;651
5466;984;653
5467;984;655
5468;984;656
5469;984;657
5470;984;658
5471;984;659
5472;984;660
5473;984;662
5474;984;663
5475;984;664
5476;984;665
5477;985;78
5478;985;647
5479;985;648
5480;985;649
5481;985;651
5482;985;653
5483;985;655
5484;985;656
5485;985;657
5486;986;78
5487;986;647
5488;986;648
5489;986;649
5490;986;651
5491;986;653
5492;986;655
5493;986;656
5494;986;657
5495;986;658
5496;986;659
5497;986;660
5498;986;662
5499;986;663
5500;986;664
5501;986;665
5502;987;78
5503;987;647
5504;987;648
5505;987;649
5506;987;651
5507;987;653
5508;987;655
5509;987;656
5510;987;657
5511;987;658
5512;987;659
5513;987;660
5514;987;662
5515;987;663
5516;987;664
5517;987;665
5518;988;78
5519;988;647
5520;988;648
5521;988;649
5522;988;651
5523;988;653
5524;988;655
5525;988;656
5526;988;657
5527;988;658
5528;988;659
5529;988;660
5530;988;662
5531;988;663
5532;988;664
5533;988;665
5534;989;78
5535;989;647
5536;989;648
5537;989;649
5538;989;651
5539;989;653
5540;989;655
5541;989;656
5542;989;657
5543;989;658
5544;989;659
5545;989;660
5546;989;662
5547;989;663
5548;989;664
5549;989;665
5550;990;78
5551;990;647
5552;990;648
5553;990;649
5554;990;651
5555;990;653
5556;990;655
5557;990;656
5558;990;657
5559;990;658
5560;990;659
5561;990;660
5562;990;662
5563;990;663
5564;990;664
5565;990;665
5566;991;78
5567;991;647
5568;991;648
5569;991;649
5570;991;651
5571;991;653
5572;991;655
5573;991;656
5574;991;657
5575;991;658
5576;991;659
5577;991;660
5578;991;662
5579;991;663
5580;991;664
5581;991;665
5582;992;78
5583;992;647
5584;992;648
5585;992;649
5586;992;651
5587;992;653
5588;992;655
5589;992;656
5590;992;657
5591;992;658
5592;992;659
5593;992;660
5594;992;662
5595;992;663
5596;992;664
5597;992;665
5598;993;78
5599;993;647
5600;993;648
5601;993;649
5602;993;651
5603;993;653
5604;993;655
5605;993;656
5606;993;657
5607;993;658
5608;993;659
5609;993;660
5610;993;662
5611;993;663
5612;993;664
5613;993;665
5614;994;78
5615;994;647
5616;994;648
5617;994;649
5618;994;651
5619;994;653
5620;994;655
5621;994;656
5622;994;657
5623;994;658
5624;994;659
5625;994;660
5626;994;662
5627;994;663
5628;994;664
5629;994;665
5630;995;78
5631;995;647
5632;995;648
5633;995;649
5634;995;651
5635;995;653
5636;995;655
5637;995;656
5638;995;657
5639;995;658
5640;995;659
5641;995;660
5642;995;662
5643;995;663
5644;995;664
5645;995;665
5646;996;78
5647;996;647
5648;996;648
5649;996;649
5650;996;651
5651;996;653
5652;996;655
5653;996;656
5654;996;657
5655;996;658
5656;996;659
5657;996;660
5658;996;662
5659;996;663
5660;996;664
5661;996;665
5662;997;78
5663;997;647
5664;997;648
5665;997;649
5666;997;651
5667;997;653
5668;997;655
5669;997;656
5670;997;657
5671;997;658
5672;997;659
5673;997;660
5674;997;662
5675;997;663
5676;997;664
5677;997;665
5678;998;78
5679;998;647
5680;998;648
5681;998;649
5682;998;651
5683;998;653
5684;998;655
5685;998;656
5686;998;657
5687;998;658
5688;998;659
5689;998;660
5690;998;662
5691;998;663
5692;998;664
5693;998;665
5694;999;78
5695;999;647
5696;999;648
5697;999;649
5698;999;651
5699;999;653
5700;999;655
5701;999;656
5702;999;657
5703;999;658
5704;999;659
5705;999;660
5706;999;662
5707;999;663
5708;999;664
5709;999;665
5710;1000;78
5711;1000;647
5712;1000;648
5713;1000;649
5714;1000;651
5715;1000;653
5716;1000;655
5717;1000;656
5718;1000;657
5719;1000;658
5720;1000;659
5721;1000;660
5722;1000;662
5723;1000;663
5724;1000;664
5725;1000;665
5726;1001;78
5727;1001;647
5728;1001;648
5729;1001;649
5730;1001;651
5731;1001;653
5732;1001;655
5733;1001;656
5734;1001;657
5735;1001;658
5736;1001;659
5737;1001;660
5738;1001;662
5739;1001;663
5740;1001;664
5741;1001;665
5742;1002;78
5743;1002;647
5744;1002;648
5745;1002;649
5746;1002;651
5747;1002;653
5748;1002;655
5749;1002;656
5750;1002;657
5751;1002;658
5752;1002;659
5753;1002;660
5754;1002;662
5755;1002;663
5756;1002;664
5757;1002;665
5758;1003;78
5759;1003;647
5760;1003;648
5761;1003;649
5762;1003;651
5763;1003;653
5764;1003;655
5765;1003;656
5766;1003;657
5767;1003;658
5768;1003;659
5769;1003;660
5770;1003;662
5771;1003;663
5772;1003;664
5773;1003;665
5774;1004;78
5775;1004;647
5776;1004;648
5777;1004;649
5778;1004;651
5779;1004;653
5780;1004;655
5781;1004;656
5782;1004;657
5783;1004;658
5784;1004;659
5785;1004;660
5786;1004;662
5787;1004;663
5788;1004;664
5789;1004;665
5790;1005;78
5791;1005;647
5792;1005;648
5793;1005;649
5794;1005;651
5795;1005;653
5796;1005;655
5797;1005;656
5798;1005;657
5799;1005;658
5800;1005;659
5801;1005;660
5802;1005;662
5803;1005;663
5804;1005;664
5805;1005;665
5806;1006;78
5807;1006;647
5808;1006;648
5809;1006;649
5810;1006;651
5811;1006;653
5812;1006;655
5813;1006;656
5814;1006;657
5815;1006;658
5816;1006;659
5817;1006;660
5818;1006;662
5819;1006;663
5820;1006;664
5821;1006;665
5822;1007;78
5823;1007;647
5824;1007;648
5825;1007;649
5826;1007;651
5827;1007;653
5828;1007;655
5829;1007;656
5830;1007;657
5831;1007;658
5832;1007;659
5833;1007;660
5834;1007;662
5835;1007;663
5836;1007;664
5837;1007;665
5838;1008;78
5839;1008;647
5840;1008;648
5841;1008;649
5842;1008;651
5843;1008;653
5844;1008;655
5845;1008;656
5846;1008;657
5847;1008;658
5848;1008;659
5849;1008;660
5850;1008;662
5851;1008;663
5852;1008;664
5853;1008;665
5854;1009;78
5855;1009;647
5856;1009;648
5857;1009;649
5858;1009;651
5859;1009;653
5860;1009;655
5861;1009;656
5862;1009;657
5863;1009;658
5864;1009;659
5865;1009;660
5866;1009;662
5867;1009;663
5868;1009;664
5869;1009;665
5870;1010;78
5871;1010;647
5872;1010;648
5873;1010;649
5874;1010;651
5875;1010;653
5876;1010;655
5877;1010;656
5878;1010;657
5879;1010;658
5880;1010;659
5881;1010;660
5882;1010;662
5883;1010;663
5884;1010;664
5885;1010;665
5886;1011;78
5887;1011;647
5888;1011;648
5889;1011;649
5890;1011;651
5891;1011;653
5892;1011;655
5893;1011;656
5894;1011;657
5895;1011;658
5896;1011;659
5897;1011;660
5898;1011;662
5899;1011;663
5900;1011;664
5901;1011;665
5902;1012;78
5903;1012;647
5904;1012;648
5905;1012;649
5906;1012;651
5907;1012;653
5908;1012;655
5909;1012;656
5910;1012;657
5911;1012;658
5912;1012;659
5913;1012;660
5914;1012;662
5915;1012;663
5916;1012;664
5917;1012;665
5918;1013;78
5919;1013;647
5920;1013;648
5921;1013;649
5922;1013;651
5923;1013;653
5924;1013;655
5925;1013;656
5926;1013;657
5927;1013;658
5928;1013;659
5929;1013;660
5930;1013;662
5931;1013;663
5932;1013;664
5933;1013;665
5934;1014;78
5935;1014;647
5936;1014;648
5937;1014;649
5938;1014;651
5939;1014;653
5940;1014;655
5941;1014;656
5942;1014;657
5943;1014;658
5944;1014;659
5945;1014;660
5946;1014;662
5947;1014;663
5948;1014;664
5949;1014;665
5950;1015;78
5951;1015;647
5952;1015;648
5953;1015;649
5954;1015;651
5955;1015;653
5956;1015;655
5957;1015;656
5958;1015;657
5959;1015;658
5960;1015;659
5961;1015;660
5962;1015;662
5963;1015;663
5964;1015;664
5965;1015;665
5966;1016;78
5967;1016;647
5968;1016;648
5969;1016;649
5970;1016;651
5971;1016;653
5972;1016;655
5973;1016;656
5974;1016;657
5975;1016;658
5976;1016;659
5977;1016;660
5978;1016;662
5979;1016;663
5980;1016;664
5981;1016;665
5982;1017;78
5983;1017;647
5984;1017;648
5985;1017;649
5986;1017;651
5987;1017;653
5988;1017;655
5989;1017;656
5990;1017;657
5991;1017;658
5992;1017;659
5993;1017;660
5994;1017;662
5995;1017;663
5996;1017;664
5997;1017;665
5998;1018;78
5999;1018;647
6000;1018;648
6001;1018;649
6002;1018;651
6003;1018;653
6004;1018;655
6005;1018;656
6006;1018;657
6007;1018;658
6008;1018;659
6009;1018;660
6010;1018;662
6011;1018;663
6012;1018;664
6013;1018;665
6014;1019;78
6015;1019;647
6016;1019;648
6017;1019;649
6018;1019;651
6019;1019;653
6020;1019;655
6021;1019;656
6022;1019;657
6023;1019;658
6024;1019;659
6025;1019;660
6026;1019;662
6027;1019;663
6028;1019;664
6029;1019;665
6030;1020;78
6031;1020;647
6032;1020;648
6033;1020;649
6034;1020;651
6035;1020;653
6036;1020;655
6037;1020;656
6038;1020;657
6039;1020;658
6040;1020;659
6041;1020;660
6042;1020;662
6043;1020;663
6044;1020;664
6045;1020;665
6046;1021;78
6047;1021;647
6048;1021;648
6049;1021;649
6050;1021;651
6051;1021;653
6052;1021;655
6053;1021;656
6054;1021;657
6055;1021;658
6056;1021;659
6057;1021;660
6058;1021;662
6059;1021;663
6060;1021;664
6061;1021;665
6062;1022;78
6063;1022;647
6064;1022;648
6065;1022;649
6066;1022;651
6067;1022;653
6068;1022;655
6069;1022;656
6070;1022;657
6071;1022;658
6072;1022;659
6073;1022;660
6074;1022;662
6075;1022;663
6076;1022;664
6077;1022;665
6078;1023;78
6079;1023;647
6080;1023;648
6081;1023;649
6082;1023;651
6083;1023;653
6084;1023;655
6085;1023;656
6086;1023;657
6087;1023;658
6088;1023;659
6089;1023;660
6090;1023;662
6091;1023;663
6092;1023;664
6093;1023;665
6094;1024;78
6095;1024;647
6096;1024;648
6097;1024;649
6098;1024;651
6099;1024;653
6100;1024;655
6101;1024;656
6102;1024;657
6103;1024;658
6104;1024;659
6105;1024;660
6106;1024;662
6107;1024;663
6108;1024;664
6109;1024;665
6110;1025;78
6111;1025;647
6112;1025;648
6113;1025;649
6114;1025;651
6115;1025;653
6116;1025;655
6117;1025;656
6118;1025;657
6119;1025;658
6120;1025;659
6121;1025;660
6122;1025;662
6123;1025;663
6124;1025;664
6125;1025;665
6126;1026;78
6127;1026;647
6128;1026;648
6129;1026;649
6130;1026;651
6131;1026;653
6132;1026;655
6133;1026;656
6134;1026;657
6135;1026;658
6136;1026;659
6137;1026;660
6138;1026;662
6139;1026;663
6140;1026;664
6141;1026;665
6142;1027;78
6143;1027;647
6144;1027;648
6145;1027;649
6146;1027;651
6147;1027;653
6148;1027;655
6149;1027;656
6150;1027;657
6151;1027;658
6152;1027;659
6153;1027;660
6154;1027;662
6155;1027;663
6156;1027;664
6157;1027;665
6158;1028;78
6159;1028;647
6160;1028;648
6161;1028;649
6162;1028;651
6163;1028;653
6164;1028;655
6165;1028;656
6166;1028;657
6167;1028;658
6168;1028;659
6169;1028;660
6170;1028;662
6171;1028;663
6172;1028;664
6173;1028;665
6174;1029;78
6175;1029;647
6176;1029;648
6177;1029;649
6178;1029;651
6179;1029;653
6180;1029;655
6181;1029;656
6182;1029;657
6183;1029;658
6184;1029;659
6185;1029;660
6186;1029;662
6187;1029;663
6188;1029;664
6189;1029;665
6190;1030;78
6191;1030;647
6192;1030;648
6193;1030;649
6194;1030;651
6195;1030;653
6196;1030;655
6197;1030;656
6198;1030;657
6199;1030;658
6200;1030;659
6201;1030;660
6202;1030;662
6203;1030;663
6204;1030;664
6205;1030;665
6206;1031;78
6207;1031;647
6208;1031;648
6209;1031;649
6210;1031;651
6211;1031;653
6212;1031;655
6213;1031;656
6214;1031;657
6215;1031;658
6216;1031;659
6217;1031;660
6218;1031;662
6219;1031;663
6220;1031;664
6221;1031;665
6222;1032;78
6223;1032;647
6224;1032;648
6225;1032;649
6226;1032;651
6227;1032;653
6228;1032;655
6229;1032;656
6230;1032;657
6231;1032;658
6232;1032;659
6233;1032;660
6234;1032;662
6235;1032;663
6236;1032;664
6237;1032;665
6238;1033;78
6239;1033;647
6240;1033;648
6241;1033;649
6242;1033;651
6243;1033;653
6244;1033;655
6245;1033;656
6246;1033;657
6247;1033;658
6248;1033;659
6249;1033;660
6250;1033;662
6251;1033;663
6252;1033;664
6253;1033;665
6254;1034;78
6255;1034;647
6256;1034;648
6257;1034;649
6258;1034;651
6259;1034;653
6260;1034;655
6261;1034;656
6262;1034;657
6263;1034;658
6264;1034;659
6265;1034;660
6266;1034;662
6267;1034;663
6268;1034;664
6269;1034;665
6270;1035;78
6271;1035;647
6272;1035;648
6273;1035;649
6274;1035;651
6275;1035;653
6276;1035;655
6277;1035;656
6278;1035;657
6279;1035;658
6280;1035;659
6281;1035;660
6282;1035;662
6283;1035;663
6284;1035;664
6285;1035;665
6286;1036;78
6287;1036;647
6288;1036;648
6289;1036;649
6290;1036;651
6291;1036;653
6292;1036;655
6293;1036;656
6294;1036;657
6295;1036;658
6296;1036;659
6297;1036;660
6298;1036;662
6299;1036;663
6300;1036;664
6301;1036;665
6302;1037;78
6303;1037;647
6304;1037;648
6305;1037;649
6306;1037;651
6307;1037;653
6308;1037;655
6309;1037;656
6310;1037;657
6311;1037;658
6312;1037;659
6313;1037;660
6314;1037;662
6315;1037;663
6316;1037;664
6317;1037;665
6318;1038;78
6319;1038;647
6320;1038;648
6321;1038;649
6322;1038;651
6323;1038;653
6324;1038;655
6325;1038;656
6326;1038;657
6327;1038;658
6328;1038;659
6329;1038;660
6330;1038;662
6331;1038;663
6332;1038;664
6333;1038;665
6334;1039;78
6335;1039;647
6336;1039;648
6337;1039;649
6338;1039;651
6339;1039;653
6340;1039;655
6341;1039;656
6342;1039;657
6343;1039;658
6344;1039;659
6345;1039;660
6346;1039;662
6347;1039;663
6348;1039;664
6349;1039;665
6350;1040;78
6351;1040;647
6352;1040;648
6353;1040;649
6354;1040;651
6355;1040;653
6356;1040;655
6357;1040;656
6358;1040;657
6359;1040;658
6360;1040;659
6361;1040;660
6362;1040;662
6363;1040;663
6364;1040;664
6365;1040;665
6366;1041;78
6367;1041;647
6368;1041;648
6369;1041;649
6370;1041;651
6371;1041;653
6372;1041;655
6373;1041;656
6374;1041;657
6375;1041;658
6376;1041;659
6377;1041;660
6378;1041;662
6379;1041;663
6380;1041;664
6381;1041;665
6382;1042;78
6383;1042;647
6384;1042;648
6385;1042;649
6386;1042;651
6387;1042;653
6388;1042;655
6389;1042;656
6390;1042;657
6391;1042;658
6392;1042;659
6393;1042;660
6394;1042;662
6395;1042;663
6396;1042;664
6397;1042;665
6398;1043;78
6399;1043;647
6400;1043;648
6401;1043;649
6402;1043;651
6403;1043;653
6404;1043;655
6405;1043;656
6406;1043;657
6407;1043;658
6408;1043;659
6409;1043;660
6410;1043;662
6411;1043;663
6412;1043;664
6413;1043;665
6414;1044;78
6415;1044;647
6416;1044;648
6417;1044;649
6418;1044;651
6419;1044;653
6420;1044;655
6421;1044;656
6422;1044;657
6423;1044;658
6424;1044;659
6425;1044;660
6426;1044;662
6427;1044;663
6428;1044;664
6429;1044;665
6478;1048;78
6479;1048;647
6480;1048;648
6481;1048;649
6482;1048;651
6483;1048;653
6484;1048;655
6485;1048;656
6486;1048;657
6487;1048;658
6488;1048;659
6489;1048;660
6490;1048;662
6491;1048;663
6492;1048;664
6493;1048;665
6494;1049;78
6495;1049;647
6496;1049;648
6497;1049;649
6498;1049;651
6499;1049;653
6500;1049;655
6501;1049;656
6502;1049;657
6503;1049;658
6504;1049;659
6505;1049;660
6506;1049;662
6507;1049;663
6508;1049;664
6509;1049;665
6542;1052;78
6543;1052;647
6544;1052;648
6545;1052;649
6546;1052;651
6547;1052;653
6548;1052;655
6549;1052;656
6550;1052;657
6551;1052;658
6552;1052;659
6553;1052;660
6554;1052;662
6555;1052;663
6556;1052;664
6557;1052;665
6590;1055;78
6591;1055;647
6592;1055;648
6593;1055;649
6594;1055;651
6595;1055;653
6596;1055;655
6597;1055;656
6598;1055;657
6599;1055;658
6600;1055;659
6601;1055;660
6602;1055;662
6603;1055;663
6604;1055;664
6605;1055;665
6622;1057;78
6623;1057;647
6624;1057;648
6625;1057;649
6626;1057;651
6627;1057;653
6628;1057;655
6629;1057;656
6630;1057;657
6631;1057;658
6632;1057;659
6633;1057;660
6634;1057;662
6635;1057;663
6636;1057;664
6637;1057;665
6638;1058;78
6639;1058;647
6640;1058;648
6641;1058;649
6642;1058;651
6643;1058;653
6644;1058;655
6645;1058;656
6646;1058;657
6647;1058;658
6648;1058;659
6649;1058;660
6650;1058;662
6651;1058;663
6652;1058;664
6653;1058;665
6654;1059;78
6655;1059;647
6656;1059;648
6657;1059;649
6658;1059;651
6659;1059;653
6660;1059;655
6661;1059;656
6662;1059;657
6663;1059;658
6664;1059;659
6665;1059;660
6666;1059;662
6667;1059;663
6668;1059;664
6669;1059;665
6670;1060;78
6671;1060;647
6672;1060;648
6673;1060;649
6674;1060;651
6675;1060;653
6676;1060;655
6677;1060;656
6678;1060;657
6679;1060;658
6680;1060;659
6681;1060;660
6682;1060;662
6683;1060;663
6684;1060;664
6685;1060;665
6718;1063;78
6719;1063;647
6720;1063;648
6721;1063;649
6722;1063;651
6723;1063;653
6724;1063;655
6725;1063;656
6726;1063;657
6727;1063;658
6728;1063;659
6729;1063;660
6730;1063;662
6731;1063;663
6732;1063;664
6733;1063;665
6766;1066;78
6767;1066;647
6768;1066;648
6769;1066;649
6770;1066;651
6771;1066;653
6772;1066;655
6773;1066;656
6774;1066;657
6775;1066;658
6776;1066;659
6777;1066;660
6778;1066;662
6779;1066;663
6780;1066;664
6781;1066;665
6782;1067;78
6783;1067;647
6784;1067;648
6785;1067;649
6786;1067;651
6787;1067;653
6788;1067;655
6789;1067;656
6790;1067;657
6791;1067;658
6792;1067;659
6793;1067;660
6794;1067;662
6795;1067;663
6796;1067;664
6797;1067;665
6814;1069;78
6815;1069;647
6816;1069;648
6817;1069;649
6818;1069;651
6819;1069;653
6820;1069;655
6821;1069;656
6822;1069;657
6823;1069;658
6824;1069;659
6825;1069;660
6826;1069;662
6827;1069;663
6828;1069;664
6829;1069;665
6862;1072;78
6863;1072;647
6864;1072;648
6865;1072;649
6866;1072;651
6867;1072;653
6868;1072;655
6869;1072;656
6870;1072;657
6871;1072;658
6872;1072;659
6873;1072;660
6874;1072;662
6875;1072;663
6876;1072;664
6877;1072;665
6878;1073;78
6879;1073;647
6880;1073;648
6881;1073;649
6882;1073;651
6883;1073;653
6884;1073;655
6885;1073;656
6886;1073;657
6887;1073;658
6888;1073;659
6889;1073;660
6890;1073;662
6891;1073;663
6892;1073;664
6893;1073;665
6910;1075;78
6911;1075;647
6912;1075;648
6913;1075;649
6914;1075;651
6915;1075;653
6916;1075;655
6917;1075;656
6918;1075;657
6919;1075;658
6920;1075;659
6921;1075;660
6922;1075;662
6923;1075;663
6924;1075;664
6925;1075;665
6926;1076;78
6927;1076;647
6928;1076;648
6929;1076;649
6930;1076;651
6931;1076;653
6932;1076;655
6933;1076;656
6934;1076;657
6935;1076;658
6936;1076;659
6937;1076;660
6938;1076;662
6939;1076;663
6940;1076;664
6941;1076;665
6958;1078;78
6959;1078;647
6960;1078;648
6961;1078;649
6962;1078;651
6963;1078;653
6964;1078;655
6965;1078;656
6966;1078;657
6967;1078;658
6968;1078;659
6969;1078;660
6970;1078;662
6971;1078;663
6972;1078;664
6973;1078;665
6974;1079;78
6975;1079;647
6976;1079;648
6977;1079;649
6978;1079;651
6979;1079;653
6980;1079;655
6981;1079;656
6982;1079;657
6983;1079;658
6984;1079;659
6985;1079;660
6986;1079;662
6987;1079;663
6988;1079;664
6989;1079;665
6990;1080;78
6991;1080;647
6992;1080;648
6993;1080;649
6994;1080;651
6995;1080;653
6996;1080;655
6997;1080;656
6998;1080;657
6999;1080;658
7000;1080;659
7001;1080;660
7002;1080;662
7003;1080;663
7004;1080;664
7005;1080;665
7022;1082;78
7023;1082;647
7024;1082;648
7025;1082;649
7026;1082;651
7027;1082;653
7028;1082;655
7029;1082;656
7030;1082;657
7031;1082;658
7032;1082;659
7033;1082;660
7034;1082;662
7035;1082;663
7036;1082;664
7037;1082;665
7102;1087;78
7103;1087;647
7104;1087;648
7105;1087;649
7106;1087;651
7107;1087;653
7108;1087;655
7109;1087;656
7110;1087;657
7111;1087;658
7112;1087;659
7113;1087;660
7114;1087;662
7115;1087;663
7116;1087;664
7117;1087;665
7198;1093;78
7199;1093;647
7200;1093;648
7201;1093;649
7202;1093;651
7203;1093;653
7204;1093;655
7205;1093;656
7206;1093;657
7207;1093;658
7208;1093;659
7209;1093;660
7210;1093;662
7211;1093;663
7212;1093;664
7213;1093;665
7214;1094;78
7215;1094;647
7216;1094;648
7217;1094;649
7218;1094;651
7219;1094;653
7220;1094;655
7221;1094;656
7222;1094;657
7223;1094;658
7224;1094;659
7225;1094;660
7226;1094;662
7227;1094;663
7228;1094;664
7229;1094;665
7278;1098;78
7279;1098;647
7280;1098;648
7281;1098;649
7282;1098;651
7283;1098;653
7284;1098;655
7285;1098;656
7286;1098;657
7287;1098;658
7288;1098;659
7289;1098;660
7290;1098;662
7291;1098;663
7292;1098;664
7293;1098;665
7326;1101;78
7327;1101;647
7328;1101;648
7329;1101;649
7330;1101;651
7331;1101;653
7332;1101;655
7333;1101;656
7334;1101;657
7335;1101;658
7336;1101;659
7337;1101;660
7338;1101;662
7339;1101;663
7340;1101;664
7341;1101;665
7422;1107;78
7423;1107;647
7424;1107;648
7425;1107;649
7426;1107;651
7427;1107;653
7428;1107;655
7429;1107;656
7430;1107;657
7431;1107;658
7432;1107;659
7433;1107;660
7434;1107;662
7435;1107;663
7436;1107;664
7437;1107;665
7438;1108;78
7439;1108;647
7440;1108;648
7441;1108;649
7442;1108;651
7443;1108;653
7444;1108;655
7445;1108;656
7446;1108;657
7447;1108;658
7448;1108;659
7449;1108;660
7450;1108;662
7451;1108;663
7452;1108;664
7453;1108;665
7470;1110;78
7471;1110;647
7472;1110;648
7473;1110;649
7474;1110;651
7475;1110;653
7476;1110;655
7477;1110;656
7478;1110;657
7479;1110;658
7480;1110;659
7481;1110;660
7482;1110;662
7483;1110;663
7484;1110;664
7485;1110;665
7486;1111;78
7487;1111;647
7488;1111;648
7489;1111;649
7490;1111;651
7491;1111;653
7492;1111;655
7493;1111;656
7494;1111;657
7495;1111;658
7496;1111;659
7497;1111;660
7498;1111;662
7499;1111;663
7500;1111;664
7501;1111;665
7502;1112;78
7503;1112;647
7504;1112;648
7505;1112;649
7506;1112;651
7507;1112;653
7508;1112;655
7509;1112;656
7510;1112;657
7511;1112;658
7512;1112;659
7513;1112;660
7514;1112;662
7515;1112;663
7516;1112;664
7517;1112;665
